from,to
HHG-012,CC-0003
HHG-011,CC-0031
HHG-008,CC-0056
HHG-007,CC-0104
HHG-018,CC-0255
HHG-011,CC-0290
HHG-018,CC-0405
HHG-018,CC-0454
HHG-008,CC-0467
HHG-015,CC-0615
HHG-018,CC-0631
HHG-007,CC-0657
HHG-004,CC-0696
HHG-007,CC-0765
HHG-008,CC-0772
HHG-010,CC-0873
HHG-011,CC-1056
HHG-001,CC-1066
HHG-007,CC-1228
HHG-008,CC-1293
HHG-015,CC-1313
HHG-017,CC-1383
HHG-018,CC-1450
HHG-013,CC-1475
HHG-007,CC-1524
HHG-003,CC-1589
HHG-001,CC-1673
HHG-007,CC-1682
HHG-018,CC-1699
HHG-008,CC-1715
HHG-004,CC-1736
HHG-008,CC-1925
HHG-019,CC-2011
HHG-018,CC-2051
HHG-008,CC-2059
HHG-019,CC-2087
HHG-004,CC-2121
HHG-018,CC-2187
HHG-008,CC-2244
HHG-011,CC-2247
HHG-020,CC-2277
HHG-012,CC-2370
HHG-005,CC-2400
HHG-018,CC-2432
HHG-020,CC-2447
HHG-008,CC-2454
HHG-007,CC-2565
HHG-018,CC-2589
HHG-011,CC-2673
HHG-008,CC-2716
HHG-005,CC-2717
HHG-011,CC-2799
HHG-003,CC-2817
HHG-007,CC-2834
HHG-005,CC-2857
HHG-019,CC-2860
HHG-003,CC-2935
HHG-001,CC-2964
HHG-007,CC-2986
HHG-011,CC-3039
HHG-008,CC-3079
HHG-018,CC-3085
HHG-007,CC-3136
HHG-011,CC-3206
HHG-013,CC-3216
HHG-003,CC-3327
HHG-008,CC-3422
HHG-007,CC-3439
HHG-018,CC-3537
HHG-008,CC-3566
HHG-001,CC-3587
HHG-018,CC-3634
HHG-003,CC-3682
HHG-008,CC-3728
HHG-013,CC-3761
HHG-004,CC-3778
HHG-007,CC-3821
HHG-015,CC-3886
HHG-018,CC-3899
HHG-011,CC-3905
HHG-008,CC-3928
HHG-018,CC-4070
HHG-002,CC-4160
HHG-008,CC-4163
HHG-007,CC-4196
HHG-007,CC-4277
HHG-013,CC-4294
HHG-018,CC-4436
HHG-007,CC-4455
HHG-008,CC-4485
HHG-011,CC-4501
HHG-007,CC-4597
HHG-018,CC-4721
HHG-011,CC-4743
HHG-007,CC-4787
HHG-008,CC-4819
HHG-018,CC-4942
HHG-003,CC-4957
HHG-008,CC-5010
HHG-019,CC-5026
HHG-007,CC-5092
HHG-018,CC-5441
HHG-007,CC-5521
HHG-018,CC-5558
